﻿Designator,Footprint,Quantity,Value,LCSC Part #
"H1, H2, H3, H4",Standoff_Hole,4,MountingHole,
J1,TRRS-PJ-320A-reversible-symmetric,1,TRRS,
J2,ProMicro_Battery_Connector_Double_Sided_wide,1,BAT,
"K00, K01, K02, K03, K04, K05, K10, K11, K12, K13, K14, K15, K20, K21, K22, K23, K24, K25, K30, K31, K32",Kailh_MX_Socket-reversible-with-cutouts,21,KEYSW,
SW1,TACT_SWITCH_TVBP06,1,RESET,
SW2,SW_SPDT_PCM12_double_sided_shifted_with_edge_cutouts,1,POWER,
U1,Frood_nice-nano_PinHeader_2x12+5+3_P2.54mm_Dual_V-aligned,1,Frood/nice!nano,
USB1,USB_C_GCT_USB4085-offset-pads-double-sided-with-cutouts,1,USB_C_GCT_USB4085,
